Project;ncommits;nauthors;from;to;nstars;nforks;lastGHCommitDate;LongestGapStart;LongestGapEnd;LongestGapLength;NumCommitsAfterLastGap;NumberOfGapsInTimeline;ActivityPattern;HypothesizedGapReason;HasRecovered;WhyRecovered;WhoRecovered;RecentThemes;Notes;BeforeThemes;AfterThemes;Currentstatus
apache_ctakes;4914;61;2009-03-08 14:52:58;2025-09-26 02:51:31;138;27;2026-08-12;2019-12;2022-10;35;224;3;declining;The README creation and master-to-main move could suggest a large transition in its history.;Yes;Sean Finan returned with the branch move, logging changes, and maintenance.;Sean Finan appears on both sides under different emails.;Dependency updates:Automated bot contributions;The 35-month gap is easy to locate but may not be countable as real inactivity because the returning commits show a repository transition. Since 224 collected commits follow the gap, this supports resumed recorded activity, not necessarily that development stopped.;Feature development:Other;Other:Feature development;Active
arogozhnikov_einops;1011;64;2018-09-22 00:45:08;2025-08-17 03:11:57;9605;402;2026-08-26;2019-10;2020-01;4;834;1;irregular;The four month pause may have been between updates.;Yes;Issue #40 requested a JAX package update just before the README update and version bump.;Alex Rogozhnikov then authored all ten of the returning commits.;Other:Bug fixes;The four-month gap looks more like a pause between updates than abandonment. A user requested a package update on February 14, 2020, followed by README and version changes on February 15. The true reason for this pause is difficult to reliably determine.;Other:Feature development;Documentation updates:Bug fixes;Active
bioconductor_biobase;1027;57;2001-10-04 15:55:43;2026-01-16 15:44:14;9;11;2026-07-28;2014-05;2014-09;5;147;14;declining;The gap falls between April and October which suggests that there was little maintenance during that time.;Yes;Vignette edits and release version bumps resumed in October.;Existing contributors Martin Morgan and Dan Tenenbaum returned.;Release:Other;The five-month gap fits the interval between Bioconductor release cycles and is followed by documentation and release maintenance. Existing contributors returned, and the specific reason for this pause is not directly documented.;Other:Release;Release:Documentation updates;Active
harpgroup_r-dh-ecohydro;475;16;2017-05-30 20:25:36;2025-05-02 16:50:20;0;1;2025-05-02;2022-05;2025-04;36;2;4;declining;A low-maintenance period is plausible, but the reason for the pause is unknown.;No sustained recovery;Only two old-changes commits were returned, which doesn't indicate recovery.;Burgholzer/rburghol appears before and after the gap.;Other:Feature development;The 36-month gap is followed by only two commits, both associated with old changes on May 2, 2025. I would count this as minor maintenance commits, but not a sustained recovery.;Feature development:Other;Other;Inactive
issp-center-dev_hphi;2428;47;2015-09-11 02:40:52;2025-10-25 06:47:04;104;29;2026-07-15;2021-02;2021-04;3;336;2;declining;The pause may fall between feature updates.;Yes;cTPQ, StdFace, and test work resumed.;Existing contributors returned alongside additional author identities.;Documentation updates:Other;The three-month gap is short and followed by scientific feature and test work. Issue activity during the pause makes complete abandonment unlikely.;Automated bot contributions:Feature development;Feature development:Other;Active
kelu124_echomods;1331;10;2016-04-12 18:57:33;2025-05-23 23:20:25;448;121;2026-04-08;2021-09;2021-11;3;77;4;declining;An intermittent experiment/documentation schedule.;Yes;PDFs, probe diagrams, and experiment material resumed at low volume.;kelu124 contributed before and after the gap.;Documentation updates:Other;The same contributor returned with PDFs and probe material, and later activity stayed low. The evidence shows continued occasional work rather than a large development recovery.;Documentation updates:Other;Documentation updates:Other;Active
open-sdr_openwifi;1043;45;2019-11-08 11:07:21;2025-10-28 18:25:23;4822;822;2026-09-21;2023-07;2023-08;2;213;0;irregular;The two-month pause is brief and no specific cause is established.;Yes;Publication updates and code fixes resumed.;Jiao Xianjun/Xianjun Jiao and Thijs Havinga appear on both sides.;Documentation updates:Feature development;"Openwifi has no inactivity gap of three months or more; its longest zero-commit period is only two months. User issues continued during that period, and existing contributors resumed documentation and code maintenance. This is more of a brief pause rather than a major recovery.";Documentation updates:Feature development;Documentation updates:Bug fixes;Active
r-quantities_units;1130;50;2016-06-07 07:40:34;2025-10-10 08:14:18;203;35;2026-09-22;2022-06;2022-10;5;179;5;declining;Maintenance paused while users kept filing issues.;Yes;The first returning commit fixes secondary axes and explicitly closes issue #326.;Existing maintainers Iñaki Úcar and Edzer Pebesma continued.;Bug fixes:Other;The five-month gap is followed by a fix that directly references a user issue. Existing maintainers continued with bug fixes and documentation, with 179 collected commits after the gap.;Dependency updates:Documentation updates;Bug fixes:Documentation updates;Active
stan-dev_loo;1607;45;2015-06-13 07:12:22;2025-11-04 06:55:26;157;39;2026-09-15;2018-05;2018-07;3;993;2;irregular;A pause after release work is plausible.;Yes;Model-comparison features, helper functions, and tests resumed.;Jonah Gabry/jgabry made both samples with the same email.;Bug fixes:Documentation updates;The same contributor returned, so there is no sign of a new team taking over in the sample. Release timing is a plausible explanation, but the messages do not definitively show why development paused.;Documentation updates:Feature development;Feature development:Other;Active
typelevel_frameless;2630;109;2015-03-28 06:03:10;2025-11-03 20:31:19;895;135;2026-08-28;2015-05;2015-10;6;2609;1;irregular;The early prototype paused before a new development cycle and contributor.;Yes;The return included TypeFrame operations and tests.;Olivier Blanvillain replaced Adelbert Chang in the sampled commits and is absent from the earlier collected history.;Dependency updates:Automated bot contributions;The six-month gap occurs near the project’s beginning and is followed by substantial feature work. The contributor changes from Adelbert Chang to Olivier Blanvillain. Later development continues extensively, with 2,609 collected commits after the gap.;Feature development:Other;Feature development:Other;Active
